<annotation>
	<folder>02099601</folder>
	<filename>n02099601_7588</filename>
	<source>
		<database>ImageNet database</database>
	</source>
	<size>
		<width>350</width>
		<height>242</height>
		<depth>3</depth>
	</size>
	<segment>0</segment>
	<object>
		<name>golden_retriever</name>
		<pose>Unspecified</pose>
		<truncated>0</truncated>
		<difficult>0</difficult>
		<bndbox>
			<xmin>0</xmin>
			<ymin>108</ymin>
			<xmax>101</xmax>
			<ymax>201</ymax>
		</bndbox>
	</object>
	<object>
		<name>golden_retriever</name>
		<pose>Unspecified</pose>
		<truncated>0</truncated>
		<difficult>0</difficult>
		<bndbox>
			<xmin>149</xmin>
			<ymin>138</ymin>
			<xmax>222</xmax>
			<ymax>207</ymax>
		</bndbox>
	</object>
	<object>
		<name>golden_retriever</name>
		<pose>Unspecified</pose>
		<truncated>0</truncated>
		<difficult>0</difficult>
		<bndbox>
			<xmin>91</xmin>
			<ymin>105</ymin>
			<xmax>176</xmax>
			<ymax>200</ymax>
		</bndbox>
	</object>
	<object>
		<name>golden_retriever</name>
		<pose>Unspecified</pose>
		<truncated>0</truncated>
		<difficult>0</difficult>
		<bndbox>
			<xmin>224</xmin>
			<ymin>134</ymin>
			<xmax>301</xmax>
			<ymax>201</ymax>
		</bndbox>
	</object>
	<object>
		<name>golden_retriever</name>
		<pose>Unspecified</pose>
		<truncated>0</truncated>
		<difficult>0</difficult>
		<bndbox>
			<xmin>169</xmin>
			<ymin>45</ymin>
			<xmax>349</xmax>
			<ymax>167</ymax>
		</bndbox>
	</object>
</annotation>