<annotation>
	<folder>02099601</folder>
	<filename>n02099601_2358</filename>
	<source>
		<database>ImageNet database</database>
	</source>
	<size>
		<width>500</width>
		<height>465</height>
		<depth>3</depth>
	</size>
	<segment>0</segment>
	<object>
		<name>golden_retriever</name>
		<pose>Unspecified</pose>
		<truncated>0</truncated>
		<difficult>0</difficult>
		<bndbox>
			<xmin>229</xmin>
			<ymin>77</ymin>
			<xmax>497</xmax>
			<ymax>462</ymax>
		</bndbox>
	</object>
	<object>
		<name>golden_retriever</name>
		<pose>Unspecified</pose>
		<truncated>0</truncated>
		<difficult>0</difficult>
		<bndbox>
			<xmin>45</xmin>
			<ymin>146</ymin>
			<xmax>366</xmax>
			<ymax>416</ymax>
		</bndbox>
	</object>
</annotation>