<annotation>
	<folder>02099601</folder>
	<filename>n02099601_238</filename>
	<source>
		<database>ImageNet database</database>
	</source>
	<size>
		<width>500</width>
		<height>333</height>
		<depth>3</depth>
	</size>
	<segment>0</segment>
	<object>
		<name>golden_retriever</name>
		<pose>Unspecified</pose>
		<truncated>0</truncated>
		<difficult>0</difficult>
		<bndbox>
			<xmin>7</xmin>
			<ymin>81</ymin>
			<xmax>298</xmax>
			<ymax>332</ymax>
		</bndbox>
	</object>
	<object>
		<name>golden_retriever</name>
		<pose>Unspecified</pose>
		<truncated>0</truncated>
		<difficult>0</difficult>
		<bndbox>
			<xmin>163</xmin>
			<ymin>72</ymin>
			<xmax>438</xmax>
			<ymax>331</ymax>
		</bndbox>
	</object>
	<object>
		<name>golden_retriever</name>
		<pose>Unspecified</pose>
		<truncated>0</truncated>
		<difficult>0</difficult>
		<bndbox>
			<xmin>425</xmin>
			<ymin>2</ymin>
			<xmax>499</xmax>
			<ymax>46</ymax>
		</bndbox>
	</object>
</annotation>