<annotation>
	<folder>02099601</folder>
	<filename>n02099601_5655</filename>
	<source>
		<database>ImageNet database</database>
	</source>
	<size>
		<width>500</width>
		<height>375</height>
		<depth>3</depth>
	</size>
	<segment>0</segment>
	<object>
		<name>golden_retriever</name>
		<pose>Unspecified</pose>
		<truncated>0</truncated>
		<difficult>0</difficult>
		<bndbox>
			<xmin>0</xmin>
			<ymin>3</ymin>
			<xmax>377</xmax>
			<ymax>339</ymax>
		</bndbox>
	</object>
	<object>
		<name>golden_retriever</name>
		<pose>Unspecified</pose>
		<truncated>0</truncated>
		<difficult>0</difficult>
		<bndbox>
			<xmin>263</xmin>
			<ymin>1</ymin>
			<xmax>474</xmax>
			<ymax>241</ymax>
		</bndbox>
	</object>
</annotation>