<annotation>
	<folder>02088364</folder>
	<filename>n02088364_3752</filename>
	<source>
		<database>ImageNet database</database>
	</source>
	<size>
		<width>500</width>
		<height>375</height>
		<depth>3</depth>
	</size>
	<segment>0</segment>
	<object>
		<name>beagle</name>
		<pose>Unspecified</pose>
		<truncated>0</truncated>
		<difficult>0</difficult>
		<bndbox>
			<xmin>0</xmin>
			<ymin>81</ymin>
			<xmax>279</xmax>
			<ymax>373</ymax>
		</bndbox>
	</object>
	<object>
		<name>beagle</name>
		<pose>Unspecified</pose>
		<truncated>0</truncated>
		<difficult>0</difficult>
		<bndbox>
			<xmin>260</xmin>
			<ymin>106</ymin>
			<xmax>470</xmax>
			<ymax>374</ymax>
		</bndbox>
	</object>
</annotation>