<annotation>
	<folder>02088364</folder>
	<filename>n02088364_16704</filename>
	<source>
		<database>ImageNet database</database>
	</source>
	<size>
		<width>333</width>
		<height>500</height>
		<depth>3</depth>
	</size>
	<segment>0</segment>
	<object>
		<name>beagle</name>
		<pose>Unspecified</pose>
		<truncated>0</truncated>
		<difficult>0</difficult>
		<bndbox>
			<xmin>15</xmin>
			<ymin>216</ymin>
			<xmax>205</xmax>
			<ymax>465</ymax>
		</bndbox>
	</object>
	<object>
		<name>beagle</name>
		<pose>Unspecified</pose>
		<truncated>0</truncated>
		<difficult>0</difficult>
		<bndbox>
			<xmin>176</xmin>
			<ymin>227</ymin>
			<xmax>286</xmax>
			<ymax>398</ymax>
		</bndbox>
	</object>
</annotation>