<annotation>
	<folder>02088364</folder>
	<filename>n02088364_9895</filename>
	<source>
		<database>ImageNet database</database>
	</source>
	<size>
		<width>500</width>
		<height>375</height>
		<depth>3</depth>
	</size>
	<segment>0</segment>
	<object>
		<name>beagle</name>
		<pose>Unspecified</pose>
		<truncated>0</truncated>
		<difficult>0</difficult>
		<bndbox>
			<xmin>184</xmin>
			<ymin>210</ymin>
			<xmax>375</xmax>
			<ymax>301</ymax>
		</bndbox>
	</object>
	<object>
		<name>beagle</name>
		<pose>Unspecified</pose>
		<truncated>0</truncated>
		<difficult>0</difficult>
		<bndbox>
			<xmin>342</xmin>
			<ymin>200</ymin>
			<xmax>454</xmax>
			<ymax>279</ymax>
		</bndbox>
	</object>
</annotation>