<annotation>
	<folder>02088364</folder>
	<filename>n02088364_12710</filename>
	<source>
		<database>ImageNet database</database>
	</source>
	<size>
		<width>320</width>
		<height>240</height>
		<depth>3</depth>
	</size>
	<segment>0</segment>
	<object>
		<name>beagle</name>
		<pose>Unspecified</pose>
		<truncated>0</truncated>
		<difficult>0</difficult>
		<bndbox>
			<xmin>165</xmin>
			<ymin>86</ymin>
			<xmax>271</xmax>
			<ymax>231</ymax>
		</bndbox>
	</object>
	<object>
		<name>beagle</name>
		<pose>Unspecified</pose>
		<truncated>0</truncated>
		<difficult>0</difficult>
		<bndbox>
			<xmin>2</xmin>
			<ymin>88</ymin>
			<xmax>119</xmax>
			<ymax>239</ymax>
		</bndbox>
	</object>
</annotation>