<annotation>
	<folder>02088364</folder>
	<filename>n02088364_10362</filename>
	<source>
		<database>ImageNet database</database>
	</source>
	<size>
		<width>335</width>
		<height>199</height>
		<depth>3</depth>
	</size>
	<segment>0</segment>
	<object>
		<name>beagle</name>
		<pose>Unspecified</pose>
		<truncated>0</truncated>
		<difficult>0</difficult>
		<bndbox>
			<xmin>165</xmin>
			<ymin>22</ymin>
			<xmax>331</xmax>
			<ymax>188</ymax>
		</bndbox>
	</object>
	<object>
		<name>beagle</name>
		<pose>Unspecified</pose>
		<truncated>0</truncated>
		<difficult>0</difficult>
		<bndbox>
			<xmin>0</xmin>
			<ymin>33</ymin>
			<xmax>163</xmax>
			<ymax>181</ymax>
		</bndbox>
	</object>
</annotation>