<annotation>
	<folder>02088364</folder>
	<filename>n02088364_10731</filename>
	<source>
		<database>ImageNet database</database>
	</source>
	<size>
		<width>500</width>
		<height>396</height>
		<depth>3</depth>
	</size>
	<segment>0</segment>
	<object>
		<name>beagle</name>
		<pose>Unspecified</pose>
		<truncated>0</truncated>
		<difficult>0</difficult>
		<bndbox>
			<xmin>0</xmin>
			<ymin>109</ymin>
			<xmax>248</xmax>
			<ymax>316</ymax>
		</bndbox>
	</object>
	<object>
		<name>beagle</name>
		<pose>Unspecified</pose>
		<truncated>0</truncated>
		<difficult>0</difficult>
		<bndbox>
			<xmin>3</xmin>
			<ymin>55</ymin>
			<xmax>468</xmax>
			<ymax>338</ymax>
		</bndbox>
	</object>
</annotation>