<annotation>
	<folder>02088364</folder>
	<filename>n02088364_15877</filename>
	<source>
		<database>ImageNet database</database>
	</source>
	<size>
		<width>500</width>
		<height>375</height>
		<depth>3</depth>
	</size>
	<segment>0</segment>
	<object>
		<name>beagle</name>
		<pose>Unspecified</pose>
		<truncated>0</truncated>
		<difficult>0</difficult>
		<bndbox>
			<xmin>38</xmin>
			<ymin>104</ymin>
			<xmax>431</xmax>
			<ymax>312</ymax>
		</bndbox>
	</object>
	<object>
		<name>beagle</name>
		<pose>Unspecified</pose>
		<truncated>0</truncated>
		<difficult>0</difficult>
		<bndbox>
			<xmin>36</xmin>
			<ymin>43</ymin>
			<xmax>499</xmax>
			<ymax>243</ymax>
		</bndbox>
	</object>
</annotation>