<annotation>
	<folder>02115913</folder>
	<filename>n02115913_5418</filename>
	<source>
		<database>ImageNet database</database>
	</source>
	<size>
		<width>180</width>
		<height>135</height>
		<depth>3</depth>
	</size>
	<segment>0</segment>
	<object>
		<name>dhole</name>
		<pose>Unspecified</pose>
		<truncated>0</truncated>
		<difficult>0</difficult>
		<bndbox>
			<xmin>97</xmin>
			<ymin>23</ymin>
			<xmax>179</xmax>
			<ymax>118</ymax>
		</bndbox>
	</object>
	<object>
		<name>dhole</name>
		<pose>Unspecified</pose>
		<truncated>0</truncated>
		<difficult>0</difficult>
		<bndbox>
			<xmin>1</xmin>
			<ymin>36</ymin>
			<xmax>102</xmax>
			<ymax>117</ymax>
		</bndbox>
	</object>
</annotation>