<annotation>
	<folder>02115913</folder>
	<filename>n02115913_4110</filename>
	<source>
		<database>ImageNet database</database>
	</source>
	<size>
		<width>411</width>
		<height>300</height>
		<depth>3</depth>
	</size>
	<segment>0</segment>
	<object>
		<name>dhole</name>
		<pose>Unspecified</pose>
		<truncated>0</truncated>
		<difficult>0</difficult>
		<bndbox>
			<xmin>285</xmin>
			<ymin>135</ymin>
			<xmax>403</xmax>
			<ymax>246</ymax>
		</bndbox>
	</object>
	<object>
		<name>dhole</name>
		<pose>Unspecified</pose>
		<truncated>0</truncated>
		<difficult>0</difficult>
		<bndbox>
			<xmin>170</xmin>
			<ymin>129</ymin>
			<xmax>257</xmax>
			<ymax>204</ymax>
		</bndbox>
	</object>
</annotation>