<annotation>
	<folder>02115913</folder>
	<filename>n02115913_4128</filename>
	<source>
		<database>ImageNet database</database>
	</source>
	<size>
		<width>800</width>
		<height>531</height>
		<depth>3</depth>
	</size>
	<segment>0</segment>
	<object>
		<name>dhole</name>
		<pose>Unspecified</pose>
		<truncated>0</truncated>
		<difficult>0</difficult>
		<bndbox>
			<xmin>337</xmin>
			<ymin>144</ymin>
			<xmax>769</xmax>
			<ymax>354</ymax>
		</bndbox>
	</object>
	<object>
		<name>dhole</name>
		<pose>Unspecified</pose>
		<truncated>0</truncated>
		<difficult>0</difficult>
		<bndbox>
			<xmin>61</xmin>
			<ymin>164</ymin>
			<xmax>595</xmax>
			<ymax>399</ymax>
		</bndbox>
	</object>
</annotation>