<annotation>
	<folder>02115913</folder>
	<filename>n02115913_4179</filename>
	<source>
		<database>ImageNet database</database>
	</source>
	<size>
		<width>500</width>
		<height>333</height>
		<depth>3</depth>
	</size>
	<segment>0</segment>
	<object>
		<name>dhole</name>
		<pose>Unspecified</pose>
		<truncated>0</truncated>
		<difficult>0</difficult>
		<bndbox>
			<xmin>90</xmin>
			<ymin>91</ymin>
			<xmax>304</xmax>
			<ymax>250</ymax>
		</bndbox>
	</object>
	<object>
		<name>dhole</name>
		<pose>Unspecified</pose>
		<truncated>0</truncated>
		<difficult>0</difficult>
		<bndbox>
			<xmin>0</xmin>
			<ymin>115</ymin>
			<xmax>201</xmax>
			<ymax>244</ymax>
		</bndbox>
	</object>
</annotation>