<annotation>
	<folder>02115913</folder>
	<filename>n02115913_3229</filename>
	<source>
		<database>ImageNet database</database>
	</source>
	<size>
		<width>500</width>
		<height>334</height>
		<depth>3</depth>
	</size>
	<segment>0</segment>
	<object>
		<name>dhole</name>
		<pose>Unspecified</pose>
		<truncated>0</truncated>
		<difficult>0</difficult>
		<bndbox>
			<xmin>136</xmin>
			<ymin>125</ymin>
			<xmax>379</xmax>
			<ymax>300</ymax>
		</bndbox>
	</object>
	<object>
		<name>dhole</name>
		<pose>Unspecified</pose>
		<truncated>0</truncated>
		<difficult>0</difficult>
		<bndbox>
			<xmin>213</xmin>
			<ymin>65</ymin>
			<xmax>329</xmax>
			<ymax>309</ymax>
		</bndbox>
	</object>
</annotation>