<annotation>
	<folder>02115913</folder>
	<filename>n02115913_739</filename>
	<source>
		<database>ImageNet database</database>
	</source>
	<size>
		<width>341</width>
		<height>278</height>
		<depth>3</depth>
	</size>
	<segment>0</segment>
	<object>
		<name>dhole</name>
		<pose>Unspecified</pose>
		<truncated>0</truncated>
		<difficult>0</difficult>
		<bndbox>
			<xmin>119</xmin>
			<ymin>52</ymin>
			<xmax>271</xmax>
			<ymax>200</ymax>
		</bndbox>
	</object>
	<object>
		<name>dhole</name>
		<pose>Unspecified</pose>
		<truncated>0</truncated>
		<difficult>0</difficult>
		<bndbox>
			<xmin>81</xmin>
			<ymin>159</ymin>
			<xmax>255</xmax>
			<ymax>274</ymax>
		</bndbox>
	</object>
</annotation>