<annotation>
	<folder>02115913</folder>
	<filename>n02115913_4144</filename>
	<source>
		<database>ImageNet database</database>
	</source>
	<size>
		<width>800</width>
		<height>532</height>
		<depth>3</depth>
	</size>
	<segment>0</segment>
	<object>
		<name>dhole</name>
		<pose>Unspecified</pose>
		<truncated>0</truncated>
		<difficult>0</difficult>
		<bndbox>
			<xmin>70</xmin>
			<ymin>109</ymin>
			<xmax>329</xmax>
			<ymax>426</ymax>
		</bndbox>
	</object>
	<object>
		<name>dhole</name>
		<pose>Unspecified</pose>
		<truncated>0</truncated>
		<difficult>0</difficult>
		<bndbox>
			<xmin>268</xmin>
			<ymin>192</ymin>
			<xmax>446</xmax>
			<ymax>386</ymax>
		</bndbox>
	</object>
</annotation>