<annotation>
	<folder>02115913</folder>
	<filename>n02115913_1677</filename>
	<source>
		<database>ImageNet database</database>
	</source>
	<size>
		<width>500</width>
		<height>307</height>
		<depth>3</depth>
	</size>
	<segment>0</segment>
	<object>
		<name>dhole</name>
		<pose>Unspecified</pose>
		<truncated>0</truncated>
		<difficult>0</difficult>
		<bndbox>
			<xmin>63</xmin>
			<ymin>22</ymin>
			<xmax>344</xmax>
			<ymax>291</ymax>
		</bndbox>
	</object>
	<object>
		<name>dhole</name>
		<pose>Unspecified</pose>
		<truncated>0</truncated>
		<difficult>0</difficult>
		<bndbox>
			<xmin>427</xmin>
			<ymin>52</ymin>
			<xmax>499</xmax>
			<ymax>107</ymax>
		</bndbox>
	</object>
</annotation>