<annotation>
	<folder>02115913</folder>
	<filename>n02115913_5593</filename>
	<source>
		<database>ImageNet database</database>
	</source>
	<size>
		<width>180</width>
		<height>225</height>
		<depth>3</depth>
	</size>
	<segment>0</segment>
	<object>
		<name>dhole</name>
		<pose>Unspecified</pose>
		<truncated>0</truncated>
		<difficult>0</difficult>
		<bndbox>
			<xmin>24</xmin>
			<ymin>106</ymin>
			<xmax>138</xmax>
			<ymax>224</ymax>
		</bndbox>
	</object>
	<object>
		<name>dhole</name>
		<pose>Unspecified</pose>
		<truncated>0</truncated>
		<difficult>0</difficult>
		<bndbox>
			<xmin>8</xmin>
			<ymin>1</ymin>
			<xmax>166</xmax>
			<ymax>223</ymax>
		</bndbox>
	</object>
</annotation>